Title,Description,Link,Media URL,Pinterest board,Publish date
Free 29 Addition Math Worksheet For Grade 3 | Printable Practice,Teachers and parents love this Addition worksheet for Grade 3. Download and print instantly.,https://mathworksheetkidscoloringclub.github.io/html/free-29-addition-math-worksheet-for-grade-3-2004.html,https://mathworksheetkidscoloringclub.github.io/images/free-29-addition-math-worksheet-for-grade-3-2004.jpg,Printable Worksheets,03/17/2026 08:38:00 AM
Free Preschool Count and Color Worksheet,Free printable Count and Color worksheet for Preschool. Perfect for homeschool practice and classroom activities.,https://mathworksheetkidscoloringclub.github.io/html/free-preschool-count-and-color-worksheet-3083.html,https://mathworksheetkidscoloringclub.github.io/images/free-preschool-count-and-color-worksheet-3083.jpg,Math Practice Printables,03/17/2026 11:02:00 AM
Free Counting Objects Worksheet For Kindergarten - Part 3 | Printable Practice,Printable Counting Objects worksheet designed for Kindergarten students. Easy and fun math practice.,https://mathworksheetkidscoloringclub.github.io/html/free-counting-objects-worksheet-for-kindergarten-part-3-6632.html,https://mathworksheetkidscoloringclub.github.io/images/free-counting-objects-worksheet-for-kindergarten-part-3-6632.jpg,Kids Math Worksheets,03/17/2026 01:38:00 PM
Printable Free 18 Division Math Worksheet For Grade 2 - Part 4 | Printable Practice,Fun and engaging Division worksheet for Grade 2. Perfect printable math practice.,https://mathworksheetkidscoloringclub.github.io/html/printable-free-18-division-math-worksheet-for-grade-2-part-4-2297.html,https://mathworksheetkidscoloringclub.github.io/images/printable-free-18-division-math-worksheet-for-grade-2-part-4-2297.jpg,Printable Worksheets,03/17/2026 04:31:00 PM
4 Math Trivia Practice Worksheet,Help kids master Math with this printable worksheet for Math. Great for daily math practice.,https://mathworksheetkidscoloringclub.github.io/html/4-math-trivia-practice-worksheet-8547.html,https://mathworksheetkidscoloringclub.github.io/images/4-math-trivia-practice-worksheet-8547.jpg,Homeschool Math,03/17/2026 08:28:00 PM
Missing Number Math Worksheet,Printable Missing Number worksheet designed for Grade 1 students. Easy and fun math practice.,https://mathworksheetkidscoloringclub.github.io/html/missing-number-math-worksheet-1446.html,https://mathworksheetkidscoloringclub.github.io/images/missing-number-math-worksheet-1446.jpg,Math Practice Printables,03/18/2026 08:27:00 AM
Mixed Operations Math Worksheet,Free printable Mixed Operations worksheet for Grade 3. Perfect for homeschool practice and classroom activities.,https://mathworksheetkidscoloringclub.github.io/html/mixed-operations-math-worksheet-5771.html,https://mathworksheetkidscoloringclub.github.io/images/mixed-operations-math-worksheet-5771.jpg,Math Practice Printables,03/18/2026 11:06:00 AM
Free 22 Multiplication Math Worksheet For Grade 2 - Part 8 | Printable Practice,Fun and engaging Multiplication worksheet for Grade 2. Perfect printable math practice.,https://mathworksheetkidscoloringclub.github.io/html/free-22-multiplication-math-worksheet-for-grade-2-part-8-9437.html,https://mathworksheetkidscoloringclub.github.io/images/free-22-multiplication-math-worksheet-for-grade-2-part-8-9437.jpg,Printable Worksheets,03/18/2026 01:33:00 PM
Printable Free 23 Subtraction Math Worksheet For Grade 2 - Part 9 | Printable Practice,Help kids master Subtraction with this printable worksheet for Grade 2. Great for daily math practice.,https://mathworksheetkidscoloringclub.github.io/html/printable-free-23-subtraction-math-worksheet-for-grade-2-part-9-4261.html,https://mathworksheetkidscoloringclub.github.io/images/printable-free-23-subtraction-math-worksheet-for-grade-2-part-9-4261.jpg,Homeschool Math,03/18/2026 04:22:00 PM
Grade 3 Multiplication Table 9 Practice - Part 10 | Printable Practice,Fun and engaging Times Table worksheet for Grade 3. Perfect printable math practice.,https://mathworksheetkidscoloringclub.github.io/html/grade-3-multiplication-table-9-practice-part-10-8411.html,https://mathworksheetkidscoloringclub.github.io/images/grade-3-multiplication-table-9-practice-part-10-8411.jpg,Math Practice Printables,03/18/2026 08:26:00 PM
Printable Tracing Worksheet For Kids - Part 11 | Free Printable,Free printable Tracing worksheet for Preschool. Perfect for homeschool practice and classroom activities.,https://mathworksheetkidscoloringclub.github.io/html/printable-tracing-worksheet-for-kids-part-11-3938.html,https://mathworksheetkidscoloringclub.github.io/images/printable-tracing-worksheet-for-kids-part-11-3938.jpg,Homeschool Math,03/19/2026 08:30:00 AM
Math Word Problem Worksheet,Free printable Word Problem worksheet for Grade 3. Perfect for homeschool practice and classroom activities.,https://mathworksheetkidscoloringclub.github.io/html/math-word-problem-worksheet-9394.html,https://mathworksheetkidscoloringclub.github.io/images/math-word-problem-worksheet-9394.jpg,Elementary Math Activities,03/19/2026 11:02:00 AM
Printable Free 19 Addition Math Worksheet For Grade 5 - Part 13 | Printable Practice,Printable Addition worksheet designed for Grade 5 students. Easy and fun math practice.,https://mathworksheetkidscoloringclub.github.io/html/printable-free-19-addition-math-worksheet-for-grade-5-part-13-8612.html,https://mathworksheetkidscoloringclub.github.io/images/printable-free-19-addition-math-worksheet-for-grade-5-part-13-8612.jpg,Elementary Math Activities,03/19/2026 01:33:00 PM
Printable Count and Color Worksheet for Preschool Kids,Help kids master Count and Color with this printable worksheet for Preschool. Great for daily math practice.,https://mathworksheetkidscoloringclub.github.io/html/printable-count-and-color-worksheet-for-preschool-kids-9144.html,https://mathworksheetkidscoloringclub.github.io/images/printable-count-and-color-worksheet-for-preschool-kids-9144.jpg,Kids Math Worksheets,03/19/2026 04:25:00 PM
Free Counting Objects Worksheet For Pre-K - Part 15 | Printable Practice,Printable Counting Objects worksheet designed for Pre-K students. Easy and fun math practice.,https://mathworksheetkidscoloringclub.github.io/html/free-counting-objects-worksheet-for-pre-k-part-15-2319.html,https://mathworksheetkidscoloringclub.github.io/images/free-counting-objects-worksheet-for-pre-k-part-15-2319.jpg,Homeschool Math,03/19/2026 08:37:00 PM
Free 25 Division Math Worksheet For Grade 2 With Answers - Part 16 | Printable Practice,Free printable Division worksheet for Grade 2. Perfect for homeschool practice and classroom activities.,https://mathworksheetkidscoloringclub.github.io/html/free-25-division-math-worksheet-for-grade-2-with-answers-part-16-4096.html,https://mathworksheetkidscoloringclub.github.io/images/free-25-division-math-worksheet-for-grade-2-with-answers-part-16-4096.jpg,Math Practice Printables,03/20/2026 08:25:00 AM
7 Math Knowledge Test Test Worksheet,Teachers and parents love this Math worksheet for Math. Download and print instantly.,https://mathworksheetkidscoloringclub.github.io/html/7-math-knowledge-test-test-worksheet-4240.html,https://mathworksheetkidscoloringclub.github.io/images/7-math-knowledge-test-test-worksheet-4240.jpg,Math Practice Printables,03/20/2026 11:06:00 AM
Missing Number Math Worksheet,Help kids master Missing Number with this printable worksheet for Grade 1. Great for daily math practice.,https://mathworksheetkidscoloringclub.github.io/html/missing-number-math-worksheet-6152.html,https://mathworksheetkidscoloringclub.github.io/images/missing-number-math-worksheet-6152.jpg,Math Practice Printables,03/20/2026 01:29:00 PM
Mixed Operations Math Worksheet,Teachers and parents love this Mixed Operations worksheet for Grade 3. Download and print instantly.,https://mathworksheetkidscoloringclub.github.io/html/mixed-operations-math-worksheet-1394.html,https://mathworksheetkidscoloringclub.github.io/images/mixed-operations-math-worksheet-1394.jpg,Printable Worksheets,03/20/2026 04:23:00 PM
Free 19 Multiplication Math Worksheet For Grade 2 With Answers - Part 20 | Printable Practice,Help kids master Multiplication with this printable worksheet for Grade 2. Great for daily math practice.,https://mathworksheetkidscoloringclub.github.io/html/free-19-multiplication-math-worksheet-for-grade-2-with-answers-part-20-7071.html,https://mathworksheetkidscoloringclub.github.io/images/free-19-multiplication-math-worksheet-for-grade-2-with-answers-part-20-7071.jpg,Homeschool Math,03/20/2026 08:38:00 PM
Free 11 Subtraction Math Worksheet For Grade 2 - Part 21 | Printable Practice,Printable Subtraction worksheet designed for Grade 2 students. Easy and fun math practice.,https://mathworksheetkidscoloringclub.github.io/html/free-11-subtraction-math-worksheet-for-grade-2-part-21-6741.html,https://mathworksheetkidscoloringclub.github.io/images/free-11-subtraction-math-worksheet-for-grade-2-part-21-6741.jpg,Printable Worksheets,03/21/2026 08:33:00 AM
Printable 3 Times Table Worksheet For Grade 2 - Part 22 | Printable Practice,Printable Times Table worksheet designed for Grade 2 students. Easy and fun math practice.,https://mathworksheetkidscoloringclub.github.io/html/printable-3-times-table-worksheet-for-grade-2-part-22-4428.html,https://mathworksheetkidscoloringclub.github.io/images/printable-3-times-table-worksheet-for-grade-2-part-22-4428.jpg,Elementary Math Activities,03/21/2026 11:03:00 AM
Printable Tracing Worksheet For Kids - Part 23 | Free Printable,Teachers and parents love this Tracing worksheet for Preschool. Download and print instantly.,https://mathworksheetkidscoloringclub.github.io/html/printable-tracing-worksheet-for-kids-part-23-2056.html,https://mathworksheetkidscoloringclub.github.io/images/printable-tracing-worksheet-for-kids-part-23-2056.jpg,Printable Worksheets,03/21/2026 01:22:00 PM
Math Word Problem Worksheet,Printable Word Problem worksheet designed for Grade 3 students. Easy and fun math practice.,https://mathworksheetkidscoloringclub.github.io/html/math-word-problem-worksheet-6345.html,https://mathworksheetkidscoloringclub.github.io/images/math-word-problem-worksheet-6345.jpg,Homeschool Math,03/21/2026 04:22:00 PM
Grade 5 Addition Practice Worksheet (18 Problems) - Part 25 | Printable Practice,Help kids master Addition with this printable worksheet for Grade 5. Great for daily math practice.,https://mathworksheetkidscoloringclub.github.io/html/grade-5-addition-practice-worksheet-18-problems-part-25-6100.html,https://mathworksheetkidscoloringclub.github.io/images/grade-5-addition-practice-worksheet-18-problems-part-25-6100.jpg,Elementary Math Activities,03/21/2026 08:36:00 PM
"Count and Color Ball, Square, Triangle Worksheet for Kids",Free printable Count and Color worksheet for Grade 1. Perfect for homeschool practice and classroom activities.,https://mathworksheetkidscoloringclub.github.io/html/count-and-color-ball-square-triangle-worksheet-for-kids-4302.html,https://mathworksheetkidscoloringclub.github.io/images/count-and-color-ball-square-triangle-worksheet-for-kids-4302.jpg,Elementary Math Activities,03/22/2026 08:33:00 AM
Free Counting Objects Worksheet For Pre-K - Part 27 | Printable Practice,Printable Counting Objects worksheet designed for Pre-K students. Easy and fun math practice.,https://mathworksheetkidscoloringclub.github.io/html/free-counting-objects-worksheet-for-pre-k-part-27-1823.html,https://mathworksheetkidscoloringclub.github.io/images/free-counting-objects-worksheet-for-pre-k-part-27-1823.jpg,Kids Math Worksheets,03/22/2026 11:01:00 AM
Free 11 Division Math Worksheet For Grade 1 With Answers - Part 28 | Printable Practice,Fun and engaging Division worksheet for Grade 1. Perfect printable math practice.,https://mathworksheetkidscoloringclub.github.io/html/free-11-division-math-worksheet-for-grade-1-with-answers-part-28-1155.html,https://mathworksheetkidscoloringclub.github.io/images/free-11-division-math-worksheet-for-grade-1-with-answers-part-28-1155.jpg,Printable Worksheets,03/22/2026 01:24:00 PM
4 Mathematics Problem Set Test Worksheet for Math Learners,Fun and engaging Math worksheet for Math. Perfect printable math practice.,https://mathworksheetkidscoloringclub.github.io/html/4-mathematics-problem-set-test-worksheet-for-math-learners-4646.html,https://mathworksheetkidscoloringclub.github.io/images/4-mathematics-problem-set-test-worksheet-for-math-learners-4646.jpg,Elementary Math Activities,03/22/2026 04:27:00 PM
Missing Number Math Worksheet,Fun and engaging Missing Number worksheet for Grade 1. Perfect printable math practice.,https://mathworksheetkidscoloringclub.github.io/html/missing-number-math-worksheet-7181.html,https://mathworksheetkidscoloringclub.github.io/images/missing-number-math-worksheet-7181.jpg,Elementary Math Activities,03/22/2026 08:29:00 PM
Mixed Operations Math Worksheet,Fun and engaging Mixed Operations worksheet for Grade 3. Perfect printable math practice.,https://mathworksheetkidscoloringclub.github.io/html/mixed-operations-math-worksheet-5345.html,https://mathworksheetkidscoloringclub.github.io/images/mixed-operations-math-worksheet-5345.jpg,Elementary Math Activities,03/23/2026 08:33:00 AM
Printable Free 29 Multiplication Math Worksheet For Grade 2 - Part 32 | Printable Practice,Free printable Multiplication worksheet for Grade 2. Perfect for homeschool practice and classroom activities.,https://mathworksheetkidscoloringclub.github.io/html/printable-free-29-multiplication-math-worksheet-for-grade-2-part-32-1705.html,https://mathworksheetkidscoloringclub.github.io/images/printable-free-29-multiplication-math-worksheet-for-grade-2-part-32-1705.jpg,Elementary Math Activities,03/23/2026 11:02:00 AM
Grade 5 Subtraction Practice Worksheet (26 Problems) - Part 33 | Printable Practice,Printable Subtraction worksheet designed for Grade 5 students. Easy and fun math practice.,https://mathworksheetkidscoloringclub.github.io/html/grade-5-subtraction-practice-worksheet-26-problems-part-33-8692.html,https://mathworksheetkidscoloringclub.github.io/images/grade-5-subtraction-practice-worksheet-26-problems-part-33-8692.jpg,Homeschool Math,03/23/2026 01:33:00 PM
Grade 3 Multiplication Table 6 Practice - Part 34 | Printable Practice,Printable Times Table worksheet designed for Grade 3 students. Easy and fun math practice.,https://mathworksheetkidscoloringclub.github.io/html/grade-3-multiplication-table-6-practice-part-34-4282.html,https://mathworksheetkidscoloringclub.github.io/images/grade-3-multiplication-table-6-practice-part-34-4282.jpg,Kids Math Worksheets,03/23/2026 04:30:00 PM
Printable Tracing Worksheet For Kids - Part 35 | Free Printable,Help kids master Tracing with this printable worksheet for Preschool. Great for daily math practice.,https://mathworksheetkidscoloringclub.github.io/html/printable-tracing-worksheet-for-kids-part-35-7499.html,https://mathworksheetkidscoloringclub.github.io/images/printable-tracing-worksheet-for-kids-part-35-7499.jpg,Kids Math Worksheets,03/23/2026 08:22:00 PM
Math Word Problem Worksheet,Printable Word Problem worksheet designed for Grade 3 students. Easy and fun math practice.,https://mathworksheetkidscoloringclub.github.io/html/math-word-problem-worksheet-4506.html,https://mathworksheetkidscoloringclub.github.io/images/math-word-problem-worksheet-4506.jpg,Homeschool Math,03/24/2026 08:26:00 AM
Free 28 Addition Math Worksheet For Grade 5 - Part 37 | Printable Practice,Teachers and parents love this Addition worksheet for Grade 5. Download and print instantly.,https://mathworksheetkidscoloringclub.github.io/html/free-28-addition-math-worksheet-for-grade-5-part-37-5506.html,https://mathworksheetkidscoloringclub.github.io/images/free-28-addition-math-worksheet-for-grade-5-part-37-5506.jpg,Printable Worksheets,03/24/2026 11:06:00 AM
Free Grade 1 Count and Color Worksheet,Fun and engaging Count and Color worksheet for Grade 1. Perfect printable math practice.,https://mathworksheetkidscoloringclub.github.io/html/free-grade-1-count-and-color-worksheet-7648.html,https://mathworksheetkidscoloringclub.github.io/images/free-grade-1-count-and-color-worksheet-7648.jpg,Kids Math Worksheets,03/24/2026 01:35:00 PM
Kindergarten Count The Objects Worksheet - Part 39 | Printable Practice,Printable Counting Objects worksheet designed for Kindergarten students. Easy and fun math practice.,https://mathworksheetkidscoloringclub.github.io/html/kindergarten-count-the-objects-worksheet-part-39-1867.html,https://mathworksheetkidscoloringclub.github.io/images/kindergarten-count-the-objects-worksheet-part-39-1867.jpg,Math Practice Printables,03/24/2026 04:37:00 PM
Printable Free 18 Division Math Worksheet For Grade 2 - Part 40 | Printable Practice,Printable Division worksheet designed for Grade 2 students. Easy and fun math practice.,https://mathworksheetkidscoloringclub.github.io/html/printable-free-18-division-math-worksheet-for-grade-2-part-40-8014.html,https://mathworksheetkidscoloringclub.github.io/images/printable-free-18-division-math-worksheet-for-grade-2-part-40-8014.jpg,Elementary Math Activities,03/24/2026 08:34:00 PM
Advanced Mathematics Problem Set Quiz Worksheet,Free printable Math worksheet for Math. Perfect for homeschool practice and classroom activities.,https://mathworksheetkidscoloringclub.github.io/html/advanced-mathematics-problem-set-quiz-worksheet-3640.html,https://mathworksheetkidscoloringclub.github.io/images/advanced-mathematics-problem-set-quiz-worksheet-3640.jpg,Math Practice Printables,03/25/2026 08:33:00 AM
Missing Number Math Worksheet,Printable Missing Number worksheet designed for Grade 1 students. Easy and fun math practice.,https://mathworksheetkidscoloringclub.github.io/html/missing-number-math-worksheet-7198.html,https://mathworksheetkidscoloringclub.github.io/images/missing-number-math-worksheet-7198.jpg,Printable Worksheets,03/25/2026 11:05:00 AM
Mixed Operations Math Worksheet,Teachers and parents love this Mixed Operations worksheet for Grade 3. Download and print instantly.,https://mathworksheetkidscoloringclub.github.io/html/mixed-operations-math-worksheet-1313.html,https://mathworksheetkidscoloringclub.github.io/images/mixed-operations-math-worksheet-1313.jpg,Math Practice Printables,03/25/2026 01:28:00 PM
Free 28 Multiplication Math Worksheet For Grade 2 - Part 44 | Printable Practice,Printable Multiplication worksheet designed for Grade 2 students. Easy and fun math practice.,https://mathworksheetkidscoloringclub.github.io/html/free-28-multiplication-math-worksheet-for-grade-2-part-44-7045.html,https://mathworksheetkidscoloringclub.github.io/images/free-28-multiplication-math-worksheet-for-grade-2-part-44-7045.jpg,Printable Worksheets,03/25/2026 04:26:00 PM
Grade 2 Subtraction Practice Worksheet (10 Problems) - Part 45 | Printable Practice,Printable Subtraction worksheet designed for Grade 2 students. Easy and fun math practice.,https://mathworksheetkidscoloringclub.github.io/html/grade-2-subtraction-practice-worksheet-10-problems-part-45-7308.html,https://mathworksheetkidscoloringclub.github.io/images/grade-2-subtraction-practice-worksheet-10-problems-part-45-7308.jpg,Elementary Math Activities,03/25/2026 08:26:00 PM
12 Times Table Worksheet For Grade 4 With Answers - Part 46 | Printable Practice,Fun and engaging Times Table worksheet for Grade 4. Perfect printable math practice.,https://mathworksheetkidscoloringclub.github.io/html/12-times-table-worksheet-for-grade-4-with-answers-part-46-3213.html,https://mathworksheetkidscoloringclub.github.io/images/12-times-table-worksheet-for-grade-4-with-answers-part-46-3213.jpg,Homeschool Math,03/26/2026 08:32:00 AM
Printable Tracing Worksheet For Kids - Part 47 | Free Printable,Teachers and parents love this Tracing worksheet for Kindergarten. Download and print instantly.,https://mathworksheetkidscoloringclub.github.io/html/printable-tracing-worksheet-for-kids-part-47-1374.html,https://mathworksheetkidscoloringclub.github.io/images/printable-tracing-worksheet-for-kids-part-47-1374.jpg,Printable Worksheets,03/26/2026 11:06:00 AM
Math Word Problem Worksheet,Help kids master Word Problem with this printable worksheet for Grade 3. Great for daily math practice.,https://mathworksheetkidscoloringclub.github.io/html/math-word-problem-worksheet-2281.html,https://mathworksheetkidscoloringclub.github.io/images/math-word-problem-worksheet-2281.jpg,Printable Worksheets,03/26/2026 01:25:00 PM
Free 16 Addition Math Worksheet For Grade 5 With Answers - Part 49 | Printable Practice,Teachers and parents love this Addition worksheet for Grade 5. Download and print instantly.,https://mathworksheetkidscoloringclub.github.io/html/free-16-addition-math-worksheet-for-grade-5-with-answers-part-49-4978.html,https://mathworksheetkidscoloringclub.github.io/images/free-16-addition-math-worksheet-for-grade-5-with-answers-part-49-4978.jpg,Elementary Math Activities,03/26/2026 04:38:00 PM
Fun Count and Color Objects Worksheet for Grade 1,Fun and engaging Count and Color worksheet for Grade 1. Perfect printable math practice.,https://mathworksheetkidscoloringclub.github.io/html/fun-count-and-color-objects-worksheet-for-grade-1-5719.html,https://mathworksheetkidscoloringclub.github.io/images/fun-count-and-color-objects-worksheet-for-grade-1-5719.jpg,Elementary Math Activities,03/26/2026 08:35:00 PM
Learn Counting With Pictures Worksheet (Kindergarten) - Part 51 | Printable Practice,Free printable Counting Objects worksheet for Kindergarten. Perfect for homeschool practice and classroom activities.,https://mathworksheetkidscoloringclub.github.io/html/learn-counting-with-pictures-worksheet-kindergarten-part-51-3914.html,https://mathworksheetkidscoloringclub.github.io/images/learn-counting-with-pictures-worksheet-kindergarten-part-51-3914.jpg,Elementary Math Activities,03/27/2026 08:26:00 AM
Free 12 Division Math Worksheet For Grade 1 With Answers - Part 52 | Printable Practice,Free printable Division worksheet for Grade 1. Perfect for homeschool practice and classroom activities.,https://mathworksheetkidscoloringclub.github.io/html/free-12-division-math-worksheet-for-grade-1-with-answers-part-52-4745.html,https://mathworksheetkidscoloringclub.github.io/images/free-12-division-math-worksheet-for-grade-1-with-answers-part-52-4745.jpg,Homeschool Math,03/27/2026 11:00:00 AM
Interactive Math Quiz Worksheet (7 Questions),Free printable Math worksheet for Math. Perfect for homeschool practice and classroom activities.,https://mathworksheetkidscoloringclub.github.io/html/interactive-math-quiz-worksheet-7-questions-5149.html,https://mathworksheetkidscoloringclub.github.io/images/interactive-math-quiz-worksheet-7-questions-5149.jpg,Elementary Math Activities,03/27/2026 01:24:00 PM
Missing Number Math Worksheet,Printable Missing Number worksheet designed for Grade 1 students. Easy and fun math practice.,https://mathworksheetkidscoloringclub.github.io/html/missing-number-math-worksheet-3958.html,https://mathworksheetkidscoloringclub.github.io/images/missing-number-math-worksheet-3958.jpg,Kids Math Worksheets,03/27/2026 04:33:00 PM
Mixed Operations Math Worksheet,Help kids master Mixed Operations with this printable worksheet for Grade 3. Great for daily math practice.,https://mathworksheetkidscoloringclub.github.io/html/mixed-operations-math-worksheet-6134.html,https://mathworksheetkidscoloringclub.github.io/images/mixed-operations-math-worksheet-6134.jpg,Homeschool Math,03/27/2026 08:25:00 PM
Free 17 Multiplication Math Worksheet For Grade 1 - Part 56 | Printable Practice,Fun and engaging Multiplication worksheet for Grade 1. Perfect printable math practice.,https://mathworksheetkidscoloringclub.github.io/html/free-17-multiplication-math-worksheet-for-grade-1-part-56-6063.html,https://mathworksheetkidscoloringclub.github.io/images/free-17-multiplication-math-worksheet-for-grade-1-part-56-6063.jpg,Math Practice Printables,03/28/2026 08:28:00 AM
Free 12 Subtraction Math Worksheet For Grade 3 With Answers - Part 57 | Printable Practice,Help kids master Subtraction with this printable worksheet for Grade 3. Great for daily math practice.,https://mathworksheetkidscoloringclub.github.io/html/free-12-subtraction-math-worksheet-for-grade-3-with-answers-part-57-9627.html,https://mathworksheetkidscoloringclub.github.io/images/free-12-subtraction-math-worksheet-for-grade-3-with-answers-part-57-9627.jpg,Kids Math Worksheets,03/28/2026 11:00:00 AM
Printable 3 Times Table Worksheet For Grade 2 - Part 58 | Printable Practice,Printable Times Table worksheet designed for Grade 2 students. Easy and fun math practice.,https://mathworksheetkidscoloringclub.github.io/html/printable-3-times-table-worksheet-for-grade-2-part-58-9776.html,https://mathworksheetkidscoloringclub.github.io/images/printable-3-times-table-worksheet-for-grade-2-part-58-9776.jpg,Kids Math Worksheets,03/28/2026 01:38:00 PM
Printable Tracing Worksheet For Kids - Part 59 | Free Printable,Help kids master Tracing with this printable worksheet for Preschool. Great for daily math practice.,https://mathworksheetkidscoloringclub.github.io/html/printable-tracing-worksheet-for-kids-part-59-4335.html,https://mathworksheetkidscoloringclub.github.io/images/printable-tracing-worksheet-for-kids-part-59-4335.jpg,Elementary Math Activities,03/28/2026 04:29:00 PM
Math Word Problem Worksheet,Help kids master Word Problem with this printable worksheet for Grade 3. Great for daily math practice.,https://mathworksheetkidscoloringclub.github.io/html/math-word-problem-worksheet-2081.html,https://mathworksheetkidscoloringclub.github.io/images/math-word-problem-worksheet-2081.jpg,Printable Worksheets,03/28/2026 08:27:00 PM
Free 19 Addition Math Worksheet For Grade 3 - Part 61 | Printable Practice,Help kids master Addition with this printable worksheet for Grade 3. Great for daily math practice.,https://mathworksheetkidscoloringclub.github.io/html/free-19-addition-math-worksheet-for-grade-3-part-61-8481.html,https://mathworksheetkidscoloringclub.github.io/images/free-19-addition-math-worksheet-for-grade-3-part-61-8481.jpg,Kids Math Worksheets,03/29/2026 08:25:00 AM
Printable Count and Color Worksheet for Kindergarten Kids,Help kids master Count and Color with this printable worksheet for Kindergarten. Great for daily math practice.,https://mathworksheetkidscoloringclub.github.io/html/printable-count-and-color-worksheet-for-kindergarten-kids-9793.html,https://mathworksheetkidscoloringclub.github.io/images/printable-count-and-color-worksheet-for-kindergarten-kids-9793.jpg,Printable Worksheets,03/29/2026 11:00:00 AM
Free Counting Objects Worksheet For Pre-K Printable - Part 63 | Printable Practice,Free printable Counting Objects worksheet for Pre-K. Perfect for homeschool practice and classroom activities.,https://mathworksheetkidscoloringclub.github.io/html/free-counting-objects-worksheet-for-pre-k-printable-part-63-5705.html,https://mathworksheetkidscoloringclub.github.io/images/free-counting-objects-worksheet-for-pre-k-printable-part-63-5705.jpg,Elementary Math Activities,03/29/2026 01:28:00 PM
Free 18 Division Math Worksheet For Grade 2 With Answers - Part 64 | Printable Practice,Teachers and parents love this Division worksheet for Grade 2. Download and print instantly.,https://mathworksheetkidscoloringclub.github.io/html/free-18-division-math-worksheet-for-grade-2-with-answers-part-64-2944.html,https://mathworksheetkidscoloringclub.github.io/images/free-18-division-math-worksheet-for-grade-2-with-answers-part-64-2944.jpg,Kids Math Worksheets,03/29/2026 04:22:00 PM
4 Mathematics Quiz Worksheet for Practice,Free printable Math worksheet for Math. Perfect for homeschool practice and classroom activities.,https://mathworksheetkidscoloringclub.github.io/html/4-mathematics-quiz-worksheet-for-practice-9221.html,https://mathworksheetkidscoloringclub.github.io/images/4-mathematics-quiz-worksheet-for-practice-9221.jpg,Printable Worksheets,03/29/2026 08:33:00 PM
Missing Number Math Worksheet,Free printable Missing Number worksheet for Grade 1. Perfect for homeschool practice and classroom activities.,https://mathworksheetkidscoloringclub.github.io/html/missing-number-math-worksheet-2002.html,https://mathworksheetkidscoloringclub.github.io/images/missing-number-math-worksheet-2002.jpg,Math Practice Printables,03/30/2026 08:26:00 AM
Mixed Operations Math Worksheet,Free printable Mixed Operations worksheet for Grade 3. Perfect for homeschool practice and classroom activities.,https://mathworksheetkidscoloringclub.github.io/html/mixed-operations-math-worksheet-2681.html,https://mathworksheetkidscoloringclub.github.io/images/mixed-operations-math-worksheet-2681.jpg,Homeschool Math,03/30/2026 11:00:00 AM
Grade 1 Multiplication Practice Worksheet (24 Problems) - Part 68 | Printable Practice,Free printable Multiplication worksheet for Grade 1. Perfect for homeschool practice and classroom activities.,https://mathworksheetkidscoloringclub.github.io/html/grade-1-multiplication-practice-worksheet-24-problems-part-68-7269.html,https://mathworksheetkidscoloringclub.github.io/images/grade-1-multiplication-practice-worksheet-24-problems-part-68-7269.jpg,Elementary Math Activities,03/30/2026 01:26:00 PM
Printable Free 22 Subtraction Math Worksheet For Grade 2 - Part 69 | Printable Practice,Teachers and parents love this Subtraction worksheet for Grade 2. Download and print instantly.,https://mathworksheetkidscoloringclub.github.io/html/printable-free-22-subtraction-math-worksheet-for-grade-2-part-69-9478.html,https://mathworksheetkidscoloringclub.github.io/images/printable-free-22-subtraction-math-worksheet-for-grade-2-part-69-9478.jpg,Kids Math Worksheets,03/30/2026 04:31:00 PM
11 Times Table Worksheet For Grade 4 With Answers - Part 70 | Printable Practice,Free printable Times Table worksheet for Grade 4. Perfect for homeschool practice and classroom activities.,https://mathworksheetkidscoloringclub.github.io/html/11-times-table-worksheet-for-grade-4-with-answers-part-70-3007.html,https://mathworksheetkidscoloringclub.github.io/images/11-times-table-worksheet-for-grade-4-with-answers-part-70-3007.jpg,Elementary Math Activities,03/30/2026 08:36:00 PM
Printable Tracing Worksheet For Kids - Part 71 | Free Printable,Help kids master Tracing with this printable worksheet for Kindergarten. Great for daily math practice.,https://mathworksheetkidscoloringclub.github.io/html/printable-tracing-worksheet-for-kids-part-71-8959.html,https://mathworksheetkidscoloringclub.github.io/images/printable-tracing-worksheet-for-kids-part-71-8959.jpg,Kids Math Worksheets,03/31/2026 08:30:00 AM
Math Word Problem Worksheet,Printable Word Problem worksheet designed for Grade 3 students. Easy and fun math practice.,https://mathworksheetkidscoloringclub.github.io/html/math-word-problem-worksheet-3455.html,https://mathworksheetkidscoloringclub.github.io/images/math-word-problem-worksheet-3455.jpg,Math Practice Printables,03/31/2026 11:01:00 AM
Grade 1 Addition Practice Worksheet (10 Problems) - Part 73 | Printable Practice,Free printable Addition worksheet for Grade 1. Perfect for homeschool practice and classroom activities.,https://mathworksheetkidscoloringclub.github.io/html/grade-1-addition-practice-worksheet-10-problems-part-73-7421.html,https://mathworksheetkidscoloringclub.github.io/images/grade-1-addition-practice-worksheet-10-problems-part-73-7421.jpg,Elementary Math Activities,03/31/2026 01:23:00 PM
"Count and Color Circle, Ball, Car Worksheet for Kids",Free printable Count and Color worksheet for Kindergarten. Perfect for homeschool practice and classroom activities.,https://mathworksheetkidscoloringclub.github.io/html/count-and-color-circle-ball-car-worksheet-for-kids-1517.html,https://mathworksheetkidscoloringclub.github.io/images/count-and-color-circle-ball-car-worksheet-for-kids-1517.jpg,Math Practice Printables,03/31/2026 04:25:00 PM
Learn Counting With Pictures Worksheet (Kindergarten) - Part 75 | Printable Practice,Teachers and parents love this Counting Objects worksheet for Kindergarten. Download and print instantly.,https://mathworksheetkidscoloringclub.github.io/html/learn-counting-with-pictures-worksheet-kindergarten-part-75-9574.html,https://mathworksheetkidscoloringclub.github.io/images/learn-counting-with-pictures-worksheet-kindergarten-part-75-9574.jpg,Math Practice Printables,03/31/2026 08:36:00 PM
Free 25 Division Math Worksheet For Grade 1 With Answers - Part 76 | Printable Practice,Teachers and parents love this Division worksheet for Grade 1. Download and print instantly.,https://mathworksheetkidscoloringclub.github.io/html/free-25-division-math-worksheet-for-grade-1-with-answers-part-76-9000.html,https://mathworksheetkidscoloringclub.github.io/images/free-25-division-math-worksheet-for-grade-1-with-answers-part-76-9000.jpg,Math Practice Printables,04/01/2026 08:38:00 AM
4 Mathematics Practice Printable Worksheet for Students,Teachers and parents love this Math worksheet for Math. Download and print instantly.,https://mathworksheetkidscoloringclub.github.io/html/4-mathematics-practice-printable-worksheet-for-students-7335.html,https://mathworksheetkidscoloringclub.github.io/images/4-mathematics-practice-printable-worksheet-for-students-7335.jpg,Elementary Math Activities,04/01/2026 11:02:00 AM
Missing Number Math Worksheet,Help kids master Missing Number with this printable worksheet for Grade 1. Great for daily math practice.,https://mathworksheetkidscoloringclub.github.io/html/missing-number-math-worksheet-9700.html,https://mathworksheetkidscoloringclub.github.io/images/missing-number-math-worksheet-9700.jpg,Math Practice Printables,04/01/2026 01:31:00 PM
Mixed Operations Math Worksheet,Printable Mixed Operations worksheet designed for Grade 3 students. Easy and fun math practice.,https://mathworksheetkidscoloringclub.github.io/html/mixed-operations-math-worksheet-3846.html,https://mathworksheetkidscoloringclub.github.io/images/mixed-operations-math-worksheet-3846.jpg,Math Practice Printables,04/01/2026 04:29:00 PM
Printable Free 25 Multiplication Math Worksheet For Grade 2 - Part 80 | Printable Practice,Free printable Multiplication worksheet for Grade 2. Perfect for homeschool practice and classroom activities.,https://mathworksheetkidscoloringclub.github.io/html/printable-free-25-multiplication-math-worksheet-for-grade-2-part-80-8030.html,https://mathworksheetkidscoloringclub.github.io/images/printable-free-25-multiplication-math-worksheet-for-grade-2-part-80-8030.jpg,Homeschool Math,04/01/2026 08:23:00 PM
Free 19 Subtraction Math Worksheet For Grade 3 With Answers - Part 81 | Printable Practice,Teachers and parents love this Subtraction worksheet for Grade 3. Download and print instantly.,https://mathworksheetkidscoloringclub.github.io/html/free-19-subtraction-math-worksheet-for-grade-3-with-answers-part-81-4614.html,https://mathworksheetkidscoloringclub.github.io/images/free-19-subtraction-math-worksheet-for-grade-3-with-answers-part-81-4614.jpg,Homeschool Math,04/02/2026 08:37:00 AM
11 Times Table Worksheet For Grade 4 With Answers - Part 82 | Printable Practice,Fun and engaging Times Table worksheet for Grade 4. Perfect printable math practice.,https://mathworksheetkidscoloringclub.github.io/html/11-times-table-worksheet-for-grade-4-with-answers-part-82-6664.html,https://mathworksheetkidscoloringclub.github.io/images/11-times-table-worksheet-for-grade-4-with-answers-part-82-6664.jpg,Printable Worksheets,04/02/2026 11:07:00 AM
Printable Tracing Worksheet For Kids - Part 83 | Free Printable,Printable Tracing worksheet designed for Kindergarten students. Easy and fun math practice.,https://mathworksheetkidscoloringclub.github.io/html/printable-tracing-worksheet-for-kids-part-83-9100.html,https://mathworksheetkidscoloringclub.github.io/images/printable-tracing-worksheet-for-kids-part-83-9100.jpg,Printable Worksheets,04/02/2026 01:36:00 PM
Math Word Problem Worksheet,Fun and engaging Word Problem worksheet for Grade 3. Perfect printable math practice.,https://mathworksheetkidscoloringclub.github.io/html/math-word-problem-worksheet-4662.html,https://mathworksheetkidscoloringclub.github.io/images/math-word-problem-worksheet-4662.jpg,Elementary Math Activities,04/02/2026 04:24:00 PM
Printable Free 16 Addition Math Worksheet For Grade 5 - Part 85 | Printable Practice,Fun and engaging Addition worksheet for Grade 5. Perfect printable math practice.,https://mathworksheetkidscoloringclub.github.io/html/printable-free-16-addition-math-worksheet-for-grade-5-part-85-2886.html,https://mathworksheetkidscoloringclub.github.io/images/printable-free-16-addition-math-worksheet-for-grade-5-part-85-2886.jpg,Math Practice Printables,04/02/2026 08:31:00 PM
Grade 1 Count and Color Shapes Worksheet,Free printable Count and Color worksheet for Grade 1. Perfect for homeschool practice and classroom activities.,https://mathworksheetkidscoloringclub.github.io/html/grade-1-count-and-color-shapes-worksheet-2799.html,https://mathworksheetkidscoloringclub.github.io/images/grade-1-count-and-color-shapes-worksheet-2799.jpg,Printable Worksheets,04/03/2026 08:25:00 AM
Learn Counting With Pictures Worksheet (Kindergarten) - Part 87 | Printable Practice,Printable Counting Objects worksheet designed for Kindergarten students. Easy and fun math practice.,https://mathworksheetkidscoloringclub.github.io/html/learn-counting-with-pictures-worksheet-kindergarten-part-87-2888.html,https://mathworksheetkidscoloringclub.github.io/images/learn-counting-with-pictures-worksheet-kindergarten-part-87-2888.jpg,Elementary Math Activities,04/03/2026 11:00:00 AM
Printable Free 20 Division Math Worksheet For Grade 1 - Part 88 | Printable Practice,Fun and engaging Division worksheet for Grade 1. Perfect printable math practice.,https://mathworksheetkidscoloringclub.github.io/html/printable-free-20-division-math-worksheet-for-grade-1-part-88-6813.html,https://mathworksheetkidscoloringclub.github.io/images/printable-free-20-division-math-worksheet-for-grade-1-part-88-6813.jpg,Math Practice Printables,04/03/2026 01:31:00 PM
Practice Math Questions Worksheet (7 Questions),Help kids master Math with this printable worksheet for Math. Great for daily math practice.,https://mathworksheetkidscoloringclub.github.io/html/practice-math-questions-worksheet-7-questions-4253.html,https://mathworksheetkidscoloringclub.github.io/images/practice-math-questions-worksheet-7-questions-4253.jpg,Math Practice Printables,04/03/2026 04:37:00 PM
Missing Number Math Worksheet,Fun and engaging Missing Number worksheet for Grade 1. Perfect printable math practice.,https://mathworksheetkidscoloringclub.github.io/html/missing-number-math-worksheet-6131.html,https://mathworksheetkidscoloringclub.github.io/images/missing-number-math-worksheet-6131.jpg,Math Practice Printables,04/03/2026 08:35:00 PM
Mixed Operations Math Worksheet,Teachers and parents love this Mixed Operations worksheet for Grade 3. Download and print instantly.,https://mathworksheetkidscoloringclub.github.io/html/mixed-operations-math-worksheet-6196.html,https://mathworksheetkidscoloringclub.github.io/images/mixed-operations-math-worksheet-6196.jpg,Homeschool Math,04/04/2026 08:27:00 AM
Free 26 Multiplication Math Worksheet For Grade 2 With Answers - Part 92 | Printable Practice,Teachers and parents love this Multiplication worksheet for Grade 2. Download and print instantly.,https://mathworksheetkidscoloringclub.github.io/html/free-26-multiplication-math-worksheet-for-grade-2-with-answers-part-92-4604.html,https://mathworksheetkidscoloringclub.github.io/images/free-26-multiplication-math-worksheet-for-grade-2-with-answers-part-92-4604.jpg,Math Practice Printables,04/04/2026 11:08:00 AM
Grade 2 Subtraction Practice Worksheet (25 Problems) - Part 93 | Printable Practice,Printable Subtraction worksheet designed for Grade 2 students. Easy and fun math practice.,https://mathworksheetkidscoloringclub.github.io/html/grade-2-subtraction-practice-worksheet-25-problems-part-93-7322.html,https://mathworksheetkidscoloringclub.github.io/images/grade-2-subtraction-practice-worksheet-25-problems-part-93-7322.jpg,Homeschool Math,04/04/2026 01:38:00 PM
6 Times Table Worksheet For Grade 3 - Part 94 | Printable Practice,Help kids master Times Table with this printable worksheet for Grade 3. Great for daily math practice.,https://mathworksheetkidscoloringclub.github.io/html/6-times-table-worksheet-for-grade-3-part-94-4619.html,https://mathworksheetkidscoloringclub.github.io/images/6-times-table-worksheet-for-grade-3-part-94-4619.jpg,Printable Worksheets,04/04/2026 04:29:00 PM
Printable Tracing Worksheet For Kids - Part 95 | Free Printable,Teachers and parents love this Tracing worksheet for Preschool. Download and print instantly.,https://mathworksheetkidscoloringclub.github.io/html/printable-tracing-worksheet-for-kids-part-95-1704.html,https://mathworksheetkidscoloringclub.github.io/images/printable-tracing-worksheet-for-kids-part-95-1704.jpg,Kids Math Worksheets,04/04/2026 08:26:00 PM
Math Word Problem Worksheet,Fun and engaging Word Problem worksheet for Grade 3. Perfect printable math practice.,https://mathworksheetkidscoloringclub.github.io/html/math-word-problem-worksheet-4724.html,https://mathworksheetkidscoloringclub.github.io/images/math-word-problem-worksheet-4724.jpg,Printable Worksheets,04/05/2026 08:30:00 AM
Printable Free 26 Addition Math Worksheet For Grade 3 - Part 97 | Printable Practice,Help kids master Addition with this printable worksheet for Grade 3. Great for daily math practice.,https://mathworksheetkidscoloringclub.github.io/html/printable-free-26-addition-math-worksheet-for-grade-3-part-97-8662.html,https://mathworksheetkidscoloringclub.github.io/images/printable-free-26-addition-math-worksheet-for-grade-3-part-97-8662.jpg,Elementary Math Activities,04/05/2026 11:00:00 AM
Free Grade 1 Count and Color Worksheet,Free printable Count and Color worksheet for Grade 1. Perfect for homeschool practice and classroom activities.,https://mathworksheetkidscoloringclub.github.io/html/free-grade-1-count-and-color-worksheet-5922.html,https://mathworksheetkidscoloringclub.github.io/images/free-grade-1-count-and-color-worksheet-5922.jpg,Elementary Math Activities,04/05/2026 01:23:00 PM
Free Counting Objects Worksheet For Kindergarten - Part 99 | Printable Practice,Help kids master Counting Objects with this printable worksheet for Kindergarten. Great for daily math practice.,https://mathworksheetkidscoloringclub.github.io/html/free-counting-objects-worksheet-for-kindergarten-part-99-1718.html,https://mathworksheetkidscoloringclub.github.io/images/free-counting-objects-worksheet-for-kindergarten-part-99-1718.jpg,Homeschool Math,04/05/2026 04:26:00 PM
Printable Free 10 Division Math Worksheet For Grade 2 - Part 100 | Printable Practice,Printable Division worksheet designed for Grade 2 students. Easy and fun math practice.,https://mathworksheetkidscoloringclub.github.io/html/printable-free-10-division-math-worksheet-for-grade-2-part-100-9308.html,https://mathworksheetkidscoloringclub.github.io/images/printable-free-10-division-math-worksheet-for-grade-2-part-100-9308.jpg,Homeschool Math,04/05/2026 08:38:00 PM
4 Math Questions Test Worksheet for Math Learners,Fun and engaging Math worksheet for Math. Perfect printable math practice.,https://mathworksheetkidscoloringclub.github.io/html/4-math-questions-test-worksheet-for-math-learners-2198.html,https://mathworksheetkidscoloringclub.github.io/images/4-math-questions-test-worksheet-for-math-learners-2198.jpg,Printable Worksheets,04/06/2026 08:29:00 AM
Missing Number Math Worksheet,Help kids master Missing Number with this printable worksheet for Grade 1. Great for daily math practice.,https://mathworksheetkidscoloringclub.github.io/html/missing-number-math-worksheet-3097.html,https://mathworksheetkidscoloringclub.github.io/images/missing-number-math-worksheet-3097.jpg,Kids Math Worksheets,04/06/2026 11:00:00 AM
Mixed Operations Math Worksheet,Free printable Mixed Operations worksheet for Grade 3. Perfect for homeschool practice and classroom activities.,https://mathworksheetkidscoloringclub.github.io/html/mixed-operations-math-worksheet-4894.html,https://mathworksheetkidscoloringclub.github.io/images/mixed-operations-math-worksheet-4894.jpg,Homeschool Math,04/06/2026 01:23:00 PM
Printable Free 29 Multiplication Math Worksheet For Grade 1 - Part 104 | Printable Practice,Teachers and parents love this Multiplication worksheet for Grade 1. Download and print instantly.,https://mathworksheetkidscoloringclub.github.io/html/printable-free-29-multiplication-math-worksheet-for-grade-1-part-104-1908.html,https://mathworksheetkidscoloringclub.github.io/images/printable-free-29-multiplication-math-worksheet-for-grade-1-part-104-1908.jpg,Printable Worksheets,04/06/2026 04:38:00 PM
Printable Free 10 Subtraction Math Worksheet For Grade 5 - Part 105 | Printable Practice,Free printable Subtraction worksheet for Grade 5. Perfect for homeschool practice and classroom activities.,https://mathworksheetkidscoloringclub.github.io/html/printable-free-10-subtraction-math-worksheet-for-grade-5-part-105-3348.html,https://mathworksheetkidscoloringclub.github.io/images/printable-free-10-subtraction-math-worksheet-for-grade-5-part-105-3348.jpg,Printable Worksheets,04/06/2026 08:32:00 PM
Printable 8 Times Table Worksheet For Grade 3 - Part 106 | Printable Practice,Free printable Times Table worksheet for Grade 3. Perfect for homeschool practice and classroom activities.,https://mathworksheetkidscoloringclub.github.io/html/printable-8-times-table-worksheet-for-grade-3-part-106-8347.html,https://mathworksheetkidscoloringclub.github.io/images/printable-8-times-table-worksheet-for-grade-3-part-106-8347.jpg,Elementary Math Activities,04/07/2026 08:37:00 AM
Printable Tracing Worksheet For Kids - Part 107 | Free Printable,Fun and engaging Tracing worksheet for Preschool. Perfect printable math practice.,https://mathworksheetkidscoloringclub.github.io/html/printable-tracing-worksheet-for-kids-part-107-3742.html,https://mathworksheetkidscoloringclub.github.io/images/printable-tracing-worksheet-for-kids-part-107-3742.jpg,Homeschool Math,04/07/2026 11:00:00 AM
Math Word Problem Worksheet,Fun and engaging Word Problem worksheet for Grade 3. Perfect printable math practice.,https://mathworksheetkidscoloringclub.github.io/html/math-word-problem-worksheet-1410.html,https://mathworksheetkidscoloringclub.github.io/images/math-word-problem-worksheet-1410.jpg,Elementary Math Activities,04/07/2026 01:35:00 PM
Grade 1 Addition Practice Worksheet (28 Problems) - Part 109 | Printable Practice,Teachers and parents love this Addition worksheet for Grade 1. Download and print instantly.,https://mathworksheetkidscoloringclub.github.io/html/grade-1-addition-practice-worksheet-28-problems-part-109-9318.html,https://mathworksheetkidscoloringclub.github.io/images/grade-1-addition-practice-worksheet-28-problems-part-109-9318.jpg,Printable Worksheets,04/07/2026 04:33:00 PM
Free Grade 1 Count and Color Worksheet,Fun and engaging Count and Color worksheet for Grade 1. Perfect printable math practice.,https://mathworksheetkidscoloringclub.github.io/html/free-grade-1-count-and-color-worksheet-7058.html,https://mathworksheetkidscoloringclub.github.io/images/free-grade-1-count-and-color-worksheet-7058.jpg,Elementary Math Activities,04/07/2026 08:32:00 PM
Learn Counting With Pictures Worksheet (Pre-K) - Part 111 | Printable Practice,Help kids master Counting Objects with this printable worksheet for Pre-K. Great for daily math practice.,https://mathworksheetkidscoloringclub.github.io/html/learn-counting-with-pictures-worksheet-pre-k-part-111-8164.html,https://mathworksheetkidscoloringclub.github.io/images/learn-counting-with-pictures-worksheet-pre-k-part-111-8164.jpg,Elementary Math Activities,04/08/2026 08:33:00 AM
Free 12 Division Math Worksheet For Grade 2 - Part 112 | Printable Practice,Printable Division worksheet designed for Grade 2 students. Easy and fun math practice.,https://mathworksheetkidscoloringclub.github.io/html/free-12-division-math-worksheet-for-grade-2-part-112-1958.html,https://mathworksheetkidscoloringclub.github.io/images/free-12-division-math-worksheet-for-grade-2-part-112-1958.jpg,Kids Math Worksheets,04/08/2026 11:00:00 AM
Challenging Math Trivia Worksheet (8 Questions),Teachers and parents love this Math worksheet for Math. Download and print instantly.,https://mathworksheetkidscoloringclub.github.io/html/challenging-math-trivia-worksheet-8-questions-2890.html,https://mathworksheetkidscoloringclub.github.io/images/challenging-math-trivia-worksheet-8-questions-2890.jpg,Kids Math Worksheets,04/08/2026 01:31:00 PM
Missing Number Math Worksheet,Teachers and parents love this Missing Number worksheet for Grade 1. Download and print instantly.,https://mathworksheetkidscoloringclub.github.io/html/missing-number-math-worksheet-8264.html,https://mathworksheetkidscoloringclub.github.io/images/missing-number-math-worksheet-8264.jpg,Homeschool Math,04/08/2026 04:31:00 PM
Mixed Operations Math Worksheet,Printable Mixed Operations worksheet designed for Grade 3 students. Easy and fun math practice.,https://mathworksheetkidscoloringclub.github.io/html/mixed-operations-math-worksheet-6817.html,https://mathworksheetkidscoloringclub.github.io/images/mixed-operations-math-worksheet-6817.jpg,Kids Math Worksheets,04/08/2026 08:30:00 PM
Printable Free 17 Multiplication Math Worksheet For Grade 1 - Part 116 | Printable Practice,Help kids master Multiplication with this printable worksheet for Grade 1. Great for daily math practice.,https://mathworksheetkidscoloringclub.github.io/html/printable-free-17-multiplication-math-worksheet-for-grade-1-part-116-9429.html,https://mathworksheetkidscoloringclub.github.io/images/printable-free-17-multiplication-math-worksheet-for-grade-1-part-116-9429.jpg,Math Practice Printables,04/09/2026 08:31:00 AM
Free 25 Subtraction Math Worksheet For Grade 5 - Part 117 | Printable Practice,Printable Subtraction worksheet designed for Grade 5 students. Easy and fun math practice.,https://mathworksheetkidscoloringclub.github.io/html/free-25-subtraction-math-worksheet-for-grade-5-part-117-6029.html,https://mathworksheetkidscoloringclub.github.io/images/free-25-subtraction-math-worksheet-for-grade-5-part-117-6029.jpg,Math Practice Printables,04/09/2026 11:00:00 AM
Printable 9 Times Table Worksheet For Grade 3 - Part 118 | Printable Practice,Teachers and parents love this Times Table worksheet for Grade 3. Download and print instantly.,https://mathworksheetkidscoloringclub.github.io/html/printable-9-times-table-worksheet-for-grade-3-part-118-7971.html,https://mathworksheetkidscoloringclub.github.io/images/printable-9-times-table-worksheet-for-grade-3-part-118-7971.jpg,Elementary Math Activities,04/09/2026 01:34:00 PM
Printable Tracing Worksheet For Kids - Part 119 | Free Printable,Help kids master Tracing with this printable worksheet for Preschool. Great for daily math practice.,https://mathworksheetkidscoloringclub.github.io/html/printable-tracing-worksheet-for-kids-part-119-1225.html,https://mathworksheetkidscoloringclub.github.io/images/printable-tracing-worksheet-for-kids-part-119-1225.jpg,Elementary Math Activities,04/09/2026 04:37:00 PM
Math Word Problem Worksheet,Printable Word Problem worksheet designed for Grade 3 students. Easy and fun math practice.,https://mathworksheetkidscoloringclub.github.io/html/math-word-problem-worksheet-6814.html,https://mathworksheetkidscoloringclub.github.io/images/math-word-problem-worksheet-6814.jpg,Kids Math Worksheets,04/09/2026 08:23:00 PM
Grade 1 Addition Practice Worksheet (15 Problems) - Part 121 | Printable Practice,Fun and engaging Addition worksheet for Grade 1. Perfect printable math practice.,https://mathworksheetkidscoloringclub.github.io/html/grade-1-addition-practice-worksheet-15-problems-part-121-4931.html,https://mathworksheetkidscoloringclub.github.io/images/grade-1-addition-practice-worksheet-15-problems-part-121-4931.jpg,Kids Math Worksheets,04/10/2026 08:38:00 AM
Free Grade 1 Count and Color Worksheet,Free printable Count and Color worksheet for Grade 1. Perfect for homeschool practice and classroom activities.,https://mathworksheetkidscoloringclub.github.io/html/free-grade-1-count-and-color-worksheet-3095.html,https://mathworksheetkidscoloringclub.github.io/images/free-grade-1-count-and-color-worksheet-3095.jpg,Kids Math Worksheets,04/10/2026 11:00:00 AM
Free Counting Objects Worksheet For Pre-K - Part 123 | Printable Practice,Help kids master Counting Objects with this printable worksheet for Pre-K. Great for daily math practice.,https://mathworksheetkidscoloringclub.github.io/html/free-counting-objects-worksheet-for-pre-k-part-123-1560.html,https://mathworksheetkidscoloringclub.github.io/images/free-counting-objects-worksheet-for-pre-k-part-123-1560.jpg,Homeschool Math,04/10/2026 01:37:00 PM
Free 11 Division Math Worksheet For Grade 1 With Answers - Part 124 | Printable Practice,Fun and engaging Division worksheet for Grade 1. Perfect printable math practice.,https://mathworksheetkidscoloringclub.github.io/html/free-11-division-math-worksheet-for-grade-1-with-answers-part-124-3786.html,https://mathworksheetkidscoloringclub.github.io/images/free-11-division-math-worksheet-for-grade-1-with-answers-part-124-3786.jpg,Math Practice Printables,04/10/2026 04:33:00 PM
4 Math Skill Test Training Worksheet,Free printable Math worksheet for Math. Perfect for homeschool practice and classroom activities.,https://mathworksheetkidscoloringclub.github.io/html/4-math-skill-test-training-worksheet-2992.html,https://mathworksheetkidscoloringclub.github.io/images/4-math-skill-test-training-worksheet-2992.jpg,Math Practice Printables,04/10/2026 08:33:00 PM
Missing Number Math Worksheet,Fun and engaging Missing Number worksheet for Grade 1. Perfect printable math practice.,https://mathworksheetkidscoloringclub.github.io/html/missing-number-math-worksheet-6777.html,https://mathworksheetkidscoloringclub.github.io/images/missing-number-math-worksheet-6777.jpg,Homeschool Math,04/11/2026 08:34:00 AM
Mixed Operations Math Worksheet,Teachers and parents love this Mixed Operations worksheet for Grade 3. Download and print instantly.,https://mathworksheetkidscoloringclub.github.io/html/mixed-operations-math-worksheet-3163.html,https://mathworksheetkidscoloringclub.github.io/images/mixed-operations-math-worksheet-3163.jpg,Kids Math Worksheets,04/11/2026 11:07:00 AM
Free 25 Multiplication Math Worksheet For Grade 2 With Answers - Part 128 | Printable Practice,Help kids master Multiplication with this printable worksheet for Grade 2. Great for daily math practice.,https://mathworksheetkidscoloringclub.github.io/html/free-25-multiplication-math-worksheet-for-grade-2-with-answers-part-128-2045.html,https://mathworksheetkidscoloringclub.github.io/images/free-25-multiplication-math-worksheet-for-grade-2-with-answers-part-128-2045.jpg,Printable Worksheets,04/11/2026 01:22:00 PM
Printable Free 22 Subtraction Math Worksheet For Grade 5 - Part 129 | Printable Practice,Fun and engaging Subtraction worksheet for Grade 5. Perfect printable math practice.,https://mathworksheetkidscoloringclub.github.io/html/printable-free-22-subtraction-math-worksheet-for-grade-5-part-129-3620.html,https://mathworksheetkidscoloringclub.github.io/images/printable-free-22-subtraction-math-worksheet-for-grade-5-part-129-3620.jpg,Printable Worksheets,04/11/2026 04:31:00 PM
3 Times Table Worksheet For Grade 2 With Answers - Part 130 | Printable Practice,Teachers and parents love this Times Table worksheet for Grade 2. Download and print instantly.,https://mathworksheetkidscoloringclub.github.io/html/3-times-table-worksheet-for-grade-2-with-answers-part-130-3947.html,https://mathworksheetkidscoloringclub.github.io/images/3-times-table-worksheet-for-grade-2-with-answers-part-130-3947.jpg,Kids Math Worksheets,04/11/2026 08:31:00 PM
Printable Tracing Worksheet For Kids - Part 131 | Free Printable,Fun and engaging Tracing worksheet for Preschool. Perfect printable math practice.,https://mathworksheetkidscoloringclub.github.io/html/printable-tracing-worksheet-for-kids-part-131-7194.html,https://mathworksheetkidscoloringclub.github.io/images/printable-tracing-worksheet-for-kids-part-131-7194.jpg,Math Practice Printables,04/12/2026 08:34:00 AM
Math Word Problem Worksheet,Teachers and parents love this Word Problem worksheet for Grade 3. Download and print instantly.,https://mathworksheetkidscoloringclub.github.io/html/math-word-problem-worksheet-8305.html,https://mathworksheetkidscoloringclub.github.io/images/math-word-problem-worksheet-8305.jpg,Printable Worksheets,04/12/2026 11:08:00 AM
Free 25 Addition Math Worksheet For Grade 1 - Part 133 | Printable Practice,Free printable Addition worksheet for Grade 1. Perfect for homeschool practice and classroom activities.,https://mathworksheetkidscoloringclub.github.io/html/free-25-addition-math-worksheet-for-grade-1-part-133-2567.html,https://mathworksheetkidscoloringclub.github.io/images/free-25-addition-math-worksheet-for-grade-1-part-133-2567.jpg,Printable Worksheets,04/12/2026 01:34:00 PM
Printable Count and Color Worksheet for Kindergarten Kids,Teachers and parents love this Count and Color worksheet for Kindergarten. Download and print instantly.,https://mathworksheetkidscoloringclub.github.io/html/printable-count-and-color-worksheet-for-kindergarten-kids-9699.html,https://mathworksheetkidscoloringclub.github.io/images/printable-count-and-color-worksheet-for-kindergarten-kids-9699.jpg,Printable Worksheets,04/12/2026 04:22:00 PM
Free Counting Objects Worksheet For Kindergarten Printable - Part 135 | Printable Practice,Teachers and parents love this Counting Objects worksheet for Kindergarten. Download and print instantly.,https://mathworksheetkidscoloringclub.github.io/html/free-counting-objects-worksheet-for-kindergarten-printable-part-135-6385.html,https://mathworksheetkidscoloringclub.github.io/images/free-counting-objects-worksheet-for-kindergarten-printable-part-135-6385.jpg,Elementary Math Activities,04/12/2026 08:37:00 PM
Free 19 Division Math Worksheet For Grade 1 With Answers - Part 136 | Printable Practice,Teachers and parents love this Division worksheet for Grade 1. Download and print instantly.,https://mathworksheetkidscoloringclub.github.io/html/free-19-division-math-worksheet-for-grade-1-with-answers-part-136-1654.html,https://mathworksheetkidscoloringclub.github.io/images/free-19-division-math-worksheet-for-grade-1-with-answers-part-136-1654.jpg,Homeschool Math,04/13/2026 08:30:00 AM
7 General Math Quiz for Students,Fun and engaging Math worksheet for Math. Perfect printable math practice.,https://mathworksheetkidscoloringclub.github.io/html/7-general-math-quiz-for-students-7614.html,https://mathworksheetkidscoloringclub.github.io/images/7-general-math-quiz-for-students-7614.jpg,Homeschool Math,04/13/2026 11:00:00 AM
Missing Number Math Worksheet,Printable Missing Number worksheet designed for Grade 1 students. Easy and fun math practice.,https://mathworksheetkidscoloringclub.github.io/html/missing-number-math-worksheet-4201.html,https://mathworksheetkidscoloringclub.github.io/images/missing-number-math-worksheet-4201.jpg,Math Practice Printables,04/13/2026 01:32:00 PM
Mixed Operations Math Worksheet,Teachers and parents love this Mixed Operations worksheet for Grade 3. Download and print instantly.,https://mathworksheetkidscoloringclub.github.io/html/mixed-operations-math-worksheet-3057.html,https://mathworksheetkidscoloringclub.github.io/images/mixed-operations-math-worksheet-3057.jpg,Printable Worksheets,04/13/2026 04:35:00 PM
Printable Free 27 Multiplication Math Worksheet For Grade 2 - Part 140 | Printable Practice,Printable Multiplication worksheet designed for Grade 2 students. Easy and fun math practice.,https://mathworksheetkidscoloringclub.github.io/html/printable-free-27-multiplication-math-worksheet-for-grade-2-part-140-4137.html,https://mathworksheetkidscoloringclub.github.io/images/printable-free-27-multiplication-math-worksheet-for-grade-2-part-140-4137.jpg,Printable Worksheets,04/13/2026 08:33:00 PM
Printable Free 14 Subtraction Math Worksheet For Grade 2 - Part 141 | Printable Practice,Fun and engaging Subtraction worksheet for Grade 2. Perfect printable math practice.,https://mathworksheetkidscoloringclub.github.io/html/printable-free-14-subtraction-math-worksheet-for-grade-2-part-141-6644.html,https://mathworksheetkidscoloringclub.github.io/images/printable-free-14-subtraction-math-worksheet-for-grade-2-part-141-6644.jpg,Homeschool Math,04/14/2026 08:36:00 AM
8 Times Table Worksheet For Grade 3 With Answers - Part 142 | Printable Practice,Help kids master Times Table with this printable worksheet for Grade 3. Great for daily math practice.,https://mathworksheetkidscoloringclub.github.io/html/8-times-table-worksheet-for-grade-3-with-answers-part-142-1628.html,https://mathworksheetkidscoloringclub.github.io/images/8-times-table-worksheet-for-grade-3-with-answers-part-142-1628.jpg,Printable Worksheets,04/14/2026 11:00:00 AM
Printable Tracing Worksheet For Kids - Part 143 | Free Printable,Fun and engaging Tracing worksheet for Preschool. Perfect printable math practice.,https://mathworksheetkidscoloringclub.github.io/html/printable-tracing-worksheet-for-kids-part-143-4434.html,https://mathworksheetkidscoloringclub.github.io/images/printable-tracing-worksheet-for-kids-part-143-4434.jpg,Homeschool Math,04/14/2026 01:35:00 PM
Math Word Problem Worksheet,Fun and engaging Word Problem worksheet for Grade 3. Perfect printable math practice.,https://mathworksheetkidscoloringclub.github.io/html/math-word-problem-worksheet-1793.html,https://mathworksheetkidscoloringclub.github.io/images/math-word-problem-worksheet-1793.jpg,Elementary Math Activities,04/14/2026 04:36:00 PM
Printable Free 29 Addition Math Worksheet For Grade 5 - Part 145 | Printable Practice,Fun and engaging Addition worksheet for Grade 5. Perfect printable math practice.,https://mathworksheetkidscoloringclub.github.io/html/printable-free-29-addition-math-worksheet-for-grade-5-part-145-5614.html,https://mathworksheetkidscoloringclub.github.io/images/printable-free-29-addition-math-worksheet-for-grade-5-part-145-5614.jpg,Kids Math Worksheets,04/14/2026 08:30:00 PM
Kindergarten Count and Color Shapes Worksheet,Free printable Count and Color worksheet for Kindergarten. Perfect for homeschool practice and classroom activities.,https://mathworksheetkidscoloringclub.github.io/html/kindergarten-count-and-color-shapes-worksheet-2900.html,https://mathworksheetkidscoloringclub.github.io/images/kindergarten-count-and-color-shapes-worksheet-2900.jpg,Kids Math Worksheets,04/15/2026 08:26:00 AM
Pre-K Count The Objects Worksheet - Part 147 | Printable Practice,Free printable Counting Objects worksheet for Pre-K. Perfect for homeschool practice and classroom activities.,https://mathworksheetkidscoloringclub.github.io/html/pre-k-count-the-objects-worksheet-part-147-4223.html,https://mathworksheetkidscoloringclub.github.io/images/pre-k-count-the-objects-worksheet-part-147-4223.jpg,Kids Math Worksheets,04/15/2026 11:07:00 AM
Grade 1 Division Practice Worksheet (21 Problems) - Part 148 | Printable Practice,Free printable Division worksheet for Grade 1. Perfect for homeschool practice and classroom activities.,https://mathworksheetkidscoloringclub.github.io/html/grade-1-division-practice-worksheet-21-problems-part-148-6610.html,https://mathworksheetkidscoloringclub.github.io/images/grade-1-division-practice-worksheet-21-problems-part-148-6610.jpg,Printable Worksheets,04/15/2026 01:33:00 PM
4 Math Knowledge Test Printable Worksheet,Printable Math worksheet designed for Math students. Easy and fun math practice.,https://mathworksheetkidscoloringclub.github.io/html/4-math-knowledge-test-printable-worksheet-3846.html,https://mathworksheetkidscoloringclub.github.io/images/4-math-knowledge-test-printable-worksheet-3846.jpg,Elementary Math Activities,04/15/2026 04:32:00 PM
Missing Number Math Worksheet,Fun and engaging Missing Number worksheet for Grade 1. Perfect printable math practice.,https://mathworksheetkidscoloringclub.github.io/html/missing-number-math-worksheet-6174.html,https://mathworksheetkidscoloringclub.github.io/images/missing-number-math-worksheet-6174.jpg,Printable Worksheets,04/15/2026 08:25:00 PM
Mixed Operations Math Worksheet,Printable Mixed Operations worksheet designed for Grade 3 students. Easy and fun math practice.,https://mathworksheetkidscoloringclub.github.io/html/mixed-operations-math-worksheet-2096.html,https://mathworksheetkidscoloringclub.github.io/images/mixed-operations-math-worksheet-2096.jpg,Homeschool Math,04/16/2026 08:28:00 AM
Printable Free 22 Multiplication Math Worksheet For Grade 2 - Part 152 | Printable Practice,Free printable Multiplication worksheet for Grade 2. Perfect for homeschool practice and classroom activities.,https://mathworksheetkidscoloringclub.github.io/html/printable-free-22-multiplication-math-worksheet-for-grade-2-part-152-2901.html,https://mathworksheetkidscoloringclub.github.io/images/printable-free-22-multiplication-math-worksheet-for-grade-2-part-152-2901.jpg,Kids Math Worksheets,04/16/2026 11:01:00 AM
Free 19 Subtraction Math Worksheet For Grade 2 - Part 153 | Printable Practice,Teachers and parents love this Subtraction worksheet for Grade 2. Download and print instantly.,https://mathworksheetkidscoloringclub.github.io/html/free-19-subtraction-math-worksheet-for-grade-2-part-153-2067.html,https://mathworksheetkidscoloringclub.github.io/images/free-19-subtraction-math-worksheet-for-grade-2-part-153-2067.jpg,Homeschool Math,04/16/2026 01:24:00 PM
4 Times Table Worksheet For Grade 2 - Part 154 | Printable Practice,Fun and engaging Times Table worksheet for Grade 2. Perfect printable math practice.,https://mathworksheetkidscoloringclub.github.io/html/4-times-table-worksheet-for-grade-2-part-154-5015.html,https://mathworksheetkidscoloringclub.github.io/images/4-times-table-worksheet-for-grade-2-part-154-5015.jpg,Homeschool Math,04/16/2026 04:35:00 PM
Printable Tracing Worksheet For Kids - Part 155 | Free Printable,Free printable Tracing worksheet for Kindergarten. Perfect for homeschool practice and classroom activities.,https://mathworksheetkidscoloringclub.github.io/html/printable-tracing-worksheet-for-kids-part-155-9234.html,https://mathworksheetkidscoloringclub.github.io/images/printable-tracing-worksheet-for-kids-part-155-9234.jpg,Homeschool Math,04/16/2026 08:25:00 PM
Math Word Problem Worksheet,Teachers and parents love this Word Problem worksheet for Grade 3. Download and print instantly.,https://mathworksheetkidscoloringclub.github.io/html/math-word-problem-worksheet-4929.html,https://mathworksheetkidscoloringclub.github.io/images/math-word-problem-worksheet-4929.jpg,Homeschool Math,04/17/2026 08:29:00 AM
Grade 3 Addition Practice Worksheet (15 Problems) - Part 157 | Printable Practice,Teachers and parents love this Addition worksheet for Grade 3. Download and print instantly.,https://mathworksheetkidscoloringclub.github.io/html/grade-3-addition-practice-worksheet-15-problems-part-157-6269.html,https://mathworksheetkidscoloringclub.github.io/images/grade-3-addition-practice-worksheet-15-problems-part-157-6269.jpg,Homeschool Math,04/17/2026 11:00:00 AM
Printable Count and Color Worksheet for Preschool Kids,Printable Count and Color worksheet designed for Preschool students. Easy and fun math practice.,https://mathworksheetkidscoloringclub.github.io/html/printable-count-and-color-worksheet-for-preschool-kids-6800.html,https://mathworksheetkidscoloringclub.github.io/images/printable-count-and-color-worksheet-for-preschool-kids-6800.jpg,Homeschool Math,04/17/2026 01:34:00 PM
Free Counting Objects Worksheet For Pre-K Printable - Part 159 | Printable Practice,Fun and engaging Counting Objects worksheet for Pre-K. Perfect printable math practice.,https://mathworksheetkidscoloringclub.github.io/html/free-counting-objects-worksheet-for-pre-k-printable-part-159-4584.html,https://mathworksheetkidscoloringclub.github.io/images/free-counting-objects-worksheet-for-pre-k-printable-part-159-4584.jpg,Math Practice Printables,04/17/2026 04:38:00 PM
Free 13 Division Math Worksheet For Grade 1 - Part 160 | Printable Practice,Printable Division worksheet designed for Grade 1 students. Easy and fun math practice.,https://mathworksheetkidscoloringclub.github.io/html/free-13-division-math-worksheet-for-grade-1-part-160-6924.html,https://mathworksheetkidscoloringclub.github.io/images/free-13-division-math-worksheet-for-grade-1-part-160-6924.jpg,Math Practice Printables,04/17/2026 08:33:00 PM
4 Math Questions Worksheet for Study,Teachers and parents love this Math worksheet for Math. Download and print instantly.,https://mathworksheetkidscoloringclub.github.io/html/4-math-questions-worksheet-for-study-5445.html,https://mathworksheetkidscoloringclub.github.io/images/4-math-questions-worksheet-for-study-5445.jpg,Kids Math Worksheets,04/18/2026 08:28:00 AM
Missing Number Math Worksheet,Fun and engaging Missing Number worksheet for Grade 1. Perfect printable math practice.,https://mathworksheetkidscoloringclub.github.io/html/missing-number-math-worksheet-3302.html,https://mathworksheetkidscoloringclub.github.io/images/missing-number-math-worksheet-3302.jpg,Math Practice Printables,04/18/2026 11:00:00 AM
Mixed Operations Math Worksheet,Teachers and parents love this Mixed Operations worksheet for Grade 3. Download and print instantly.,https://mathworksheetkidscoloringclub.github.io/html/mixed-operations-math-worksheet-4131.html,https://mathworksheetkidscoloringclub.github.io/images/mixed-operations-math-worksheet-4131.jpg,Math Practice Printables,04/18/2026 01:23:00 PM
Free 26 Multiplication Math Worksheet For Grade 1 With Answers - Part 164 | Printable Practice,Free printable Multiplication worksheet for Grade 1. Perfect for homeschool practice and classroom activities.,https://mathworksheetkidscoloringclub.github.io/html/free-26-multiplication-math-worksheet-for-grade-1-with-answers-part-164-8689.html,https://mathworksheetkidscoloringclub.github.io/images/free-26-multiplication-math-worksheet-for-grade-1-with-answers-part-164-8689.jpg,Kids Math Worksheets,04/18/2026 04:29:00 PM
Grade 2 Subtraction Practice Worksheet (15 Problems) - Part 165 | Printable Practice,Fun and engaging Subtraction worksheet for Grade 2. Perfect printable math practice.,https://mathworksheetkidscoloringclub.github.io/html/grade-2-subtraction-practice-worksheet-15-problems-part-165-9015.html,https://mathworksheetkidscoloringclub.github.io/images/grade-2-subtraction-practice-worksheet-15-problems-part-165-9015.jpg,Elementary Math Activities,04/18/2026 08:35:00 PM
5 Times Table Worksheet For Grade 2 - Part 166 | Printable Practice,Fun and engaging Times Table worksheet for Grade 2. Perfect printable math practice.,https://mathworksheetkidscoloringclub.github.io/html/5-times-table-worksheet-for-grade-2-part-166-1157.html,https://mathworksheetkidscoloringclub.github.io/images/5-times-table-worksheet-for-grade-2-part-166-1157.jpg,Elementary Math Activities,04/19/2026 08:24:00 AM
Printable Tracing Worksheet For Kids - Part 167 | Free Printable,Printable Tracing worksheet designed for Kindergarten students. Easy and fun math practice.,https://mathworksheetkidscoloringclub.github.io/html/printable-tracing-worksheet-for-kids-part-167-1537.html,https://mathworksheetkidscoloringclub.github.io/images/printable-tracing-worksheet-for-kids-part-167-1537.jpg,Homeschool Math,04/19/2026 11:01:00 AM
Math Word Problem Worksheet,Teachers and parents love this Word Problem worksheet for Grade 3. Download and print instantly.,https://mathworksheetkidscoloringclub.github.io/html/math-word-problem-worksheet-3676.html,https://mathworksheetkidscoloringclub.github.io/images/math-word-problem-worksheet-3676.jpg,Kids Math Worksheets,04/19/2026 01:34:00 PM
Printable Free 23 Addition Math Worksheet For Grade 1 - Part 169 | Printable Practice,Fun and engaging Addition worksheet for Grade 1. Perfect printable math practice.,https://mathworksheetkidscoloringclub.github.io/html/printable-free-23-addition-math-worksheet-for-grade-1-part-169-5160.html,https://mathworksheetkidscoloringclub.github.io/images/printable-free-23-addition-math-worksheet-for-grade-1-part-169-5160.jpg,Kids Math Worksheets,04/19/2026 04:30:00 PM
"Count and Color Star, Flower, Star Worksheet for Kids",Help kids master Count and Color with this printable worksheet for Preschool. Great for daily math practice.,https://mathworksheetkidscoloringclub.github.io/html/count-and-color-star-flower-star-worksheet-for-kids-5902.html,https://mathworksheetkidscoloringclub.github.io/images/count-and-color-star-flower-star-worksheet-for-kids-5902.jpg,Elementary Math Activities,04/19/2026 08:24:00 PM
Free Counting Objects Worksheet For Kindergarten Printable - Part 171 | Printable Practice,Teachers and parents love this Counting Objects worksheet for Kindergarten. Download and print instantly.,https://mathworksheetkidscoloringclub.github.io/html/free-counting-objects-worksheet-for-kindergarten-printable-part-171-5990.html,https://mathworksheetkidscoloringclub.github.io/images/free-counting-objects-worksheet-for-kindergarten-printable-part-171-5990.jpg,Elementary Math Activities,04/20/2026 08:23:00 AM
Free 19 Division Math Worksheet For Grade 1 With Answers - Part 172 | Printable Practice,Help kids master Division with this printable worksheet for Grade 1. Great for daily math practice.,https://mathworksheetkidscoloringclub.github.io/html/free-19-division-math-worksheet-for-grade-1-with-answers-part-172-4226.html,https://mathworksheetkidscoloringclub.github.io/images/free-19-division-math-worksheet-for-grade-1-with-answers-part-172-4226.jpg,Printable Worksheets,04/20/2026 11:00:00 AM
Printable Math Trivia Quiz Worksheet,Printable Math worksheet designed for Math students. Easy and fun math practice.,https://mathworksheetkidscoloringclub.github.io/html/printable-math-trivia-quiz-worksheet-5246.html,https://mathworksheetkidscoloringclub.github.io/images/printable-math-trivia-quiz-worksheet-5246.jpg,Printable Worksheets,04/20/2026 01:24:00 PM
Missing Number Math Worksheet,Printable Missing Number worksheet designed for Grade 1 students. Easy and fun math practice.,https://mathworksheetkidscoloringclub.github.io/html/missing-number-math-worksheet-3575.html,https://mathworksheetkidscoloringclub.github.io/images/missing-number-math-worksheet-3575.jpg,Kids Math Worksheets,04/20/2026 04:37:00 PM
Mixed Operations Math Worksheet,Free printable Mixed Operations worksheet for Grade 3. Perfect for homeschool practice and classroom activities.,https://mathworksheetkidscoloringclub.github.io/html/mixed-operations-math-worksheet-7515.html,https://mathworksheetkidscoloringclub.github.io/images/mixed-operations-math-worksheet-7515.jpg,Elementary Math Activities,04/20/2026 08:34:00 PM
Free 30 Multiplication Math Worksheet For Grade 1 - Part 176 | Printable Practice,Printable Multiplication worksheet designed for Grade 1 students. Easy and fun math practice.,https://mathworksheetkidscoloringclub.github.io/html/free-30-multiplication-math-worksheet-for-grade-1-part-176-2057.html,https://mathworksheetkidscoloringclub.github.io/images/free-30-multiplication-math-worksheet-for-grade-1-part-176-2057.jpg,Math Practice Printables,04/21/2026 08:24:00 AM
Printable Free 11 Subtraction Math Worksheet For Grade 3 - Part 177 | Printable Practice,Printable Subtraction worksheet designed for Grade 3 students. Easy and fun math practice.,https://mathworksheetkidscoloringclub.github.io/html/printable-free-11-subtraction-math-worksheet-for-grade-3-part-177-9725.html,https://mathworksheetkidscoloringclub.github.io/images/printable-free-11-subtraction-math-worksheet-for-grade-3-part-177-9725.jpg,Homeschool Math,04/21/2026 11:00:00 AM
9 Times Table Worksheet For Grade 3 - Part 178 | Printable Practice,Printable Times Table worksheet designed for Grade 3 students. Easy and fun math practice.,https://mathworksheetkidscoloringclub.github.io/html/9-times-table-worksheet-for-grade-3-part-178-4298.html,https://mathworksheetkidscoloringclub.github.io/images/9-times-table-worksheet-for-grade-3-part-178-4298.jpg,Elementary Math Activities,04/21/2026 01:35:00 PM
Printable Tracing Worksheet For Kids - Part 179 | Free Printable,Printable Tracing worksheet designed for Kindergarten students. Easy and fun math practice.,https://mathworksheetkidscoloringclub.github.io/html/printable-tracing-worksheet-for-kids-part-179-2781.html,https://mathworksheetkidscoloringclub.github.io/images/printable-tracing-worksheet-for-kids-part-179-2781.jpg,Kids Math Worksheets,04/21/2026 04:29:00 PM
Math Word Problem Worksheet,Printable Word Problem worksheet designed for Grade 3 students. Easy and fun math practice.,https://mathworksheetkidscoloringclub.github.io/html/math-word-problem-worksheet-5025.html,https://mathworksheetkidscoloringclub.github.io/images/math-word-problem-worksheet-5025.jpg,Kids Math Worksheets,04/21/2026 08:37:00 PM
Free 26 Addition Math Worksheet For Grade 1 With Answers - Part 181 | Printable Practice,Free printable Addition worksheet for Grade 1. Perfect for homeschool practice and classroom activities.,https://mathworksheetkidscoloringclub.github.io/html/free-26-addition-math-worksheet-for-grade-1-with-answers-part-181-3588.html,https://mathworksheetkidscoloringclub.github.io/images/free-26-addition-math-worksheet-for-grade-1-with-answers-part-181-3588.jpg,Homeschool Math,04/22/2026 08:30:00 AM
Printable Count and Color Worksheet for Grade 1 Kids,Free printable Count and Color worksheet for Grade 1. Perfect for homeschool practice and classroom activities.,https://mathworksheetkidscoloringclub.github.io/html/printable-count-and-color-worksheet-for-grade-1-kids-3024.html,https://mathworksheetkidscoloringclub.github.io/images/printable-count-and-color-worksheet-for-grade-1-kids-3024.jpg,Elementary Math Activities,04/22/2026 11:00:00 AM
Kindergarten Count The Objects Worksheet - Part 183 | Printable Practice,Printable Counting Objects worksheet designed for Kindergarten students. Easy and fun math practice.,https://mathworksheetkidscoloringclub.github.io/html/kindergarten-count-the-objects-worksheet-part-183-2999.html,https://mathworksheetkidscoloringclub.github.io/images/kindergarten-count-the-objects-worksheet-part-183-2999.jpg,Kids Math Worksheets,04/22/2026 01:31:00 PM
Printable Free 10 Division Math Worksheet For Grade 1 - Part 184 | Printable Practice,Printable Division worksheet designed for Grade 1 students. Easy and fun math practice.,https://mathworksheetkidscoloringclub.github.io/html/printable-free-10-division-math-worksheet-for-grade-1-part-184-5500.html,https://mathworksheetkidscoloringclub.github.io/images/printable-free-10-division-math-worksheet-for-grade-1-part-184-5500.jpg,Homeschool Math,04/22/2026 04:27:00 PM
4 General Math Quiz Worksheet for Math Learners,Free printable Math worksheet for Math. Perfect for homeschool practice and classroom activities.,https://mathworksheetkidscoloringclub.github.io/html/4-general-math-quiz-worksheet-for-math-learners-9494.html,https://mathworksheetkidscoloringclub.github.io/images/4-general-math-quiz-worksheet-for-math-learners-9494.jpg,Printable Worksheets,04/22/2026 08:31:00 PM
Missing Number Math Worksheet,Teachers and parents love this Missing Number worksheet for Grade 1. Download and print instantly.,https://mathworksheetkidscoloringclub.github.io/html/missing-number-math-worksheet-8915.html,https://mathworksheetkidscoloringclub.github.io/images/missing-number-math-worksheet-8915.jpg,Math Practice Printables,04/23/2026 08:37:00 AM
Mixed Operations Math Worksheet,Free printable Mixed Operations worksheet for Grade 3. Perfect for homeschool practice and classroom activities.,https://mathworksheetkidscoloringclub.github.io/html/mixed-operations-math-worksheet-2372.html,https://mathworksheetkidscoloringclub.github.io/images/mixed-operations-math-worksheet-2372.jpg,Elementary Math Activities,04/23/2026 11:02:00 AM
Grade 2 Multiplication Practice Worksheet (25 Problems) - Part 188 | Printable Practice,Help kids master Multiplication with this printable worksheet for Grade 2. Great for daily math practice.,https://mathworksheetkidscoloringclub.github.io/html/grade-2-multiplication-practice-worksheet-25-problems-part-188-8944.html,https://mathworksheetkidscoloringclub.github.io/images/grade-2-multiplication-practice-worksheet-25-problems-part-188-8944.jpg,Math Practice Printables,04/23/2026 01:25:00 PM
Printable Free 23 Subtraction Math Worksheet For Grade 3 - Part 189 | Printable Practice,Teachers and parents love this Subtraction worksheet for Grade 3. Download and print instantly.,https://mathworksheetkidscoloringclub.github.io/html/printable-free-23-subtraction-math-worksheet-for-grade-3-part-189-3163.html,https://mathworksheetkidscoloringclub.github.io/images/printable-free-23-subtraction-math-worksheet-for-grade-3-part-189-3163.jpg,Elementary Math Activities,04/23/2026 04:29:00 PM
3 Times Table Worksheet For Grade 2 - Part 190 | Printable Practice,Free printable Times Table worksheet for Grade 2. Perfect for homeschool practice and classroom activities.,https://mathworksheetkidscoloringclub.github.io/html/3-times-table-worksheet-for-grade-2-part-190-5370.html,https://mathworksheetkidscoloringclub.github.io/images/3-times-table-worksheet-for-grade-2-part-190-5370.jpg,Math Practice Printables,04/23/2026 08:24:00 PM
Printable Tracing Worksheet For Kids - Part 191 | Free Printable,Fun and engaging Tracing worksheet for Kindergarten. Perfect printable math practice.,https://mathworksheetkidscoloringclub.github.io/html/printable-tracing-worksheet-for-kids-part-191-5511.html,https://mathworksheetkidscoloringclub.github.io/images/printable-tracing-worksheet-for-kids-part-191-5511.jpg,Homeschool Math,04/24/2026 08:24:00 AM
Math Word Problem Worksheet,Fun and engaging Word Problem worksheet for Grade 3. Perfect printable math practice.,https://mathworksheetkidscoloringclub.github.io/html/math-word-problem-worksheet-6887.html,https://mathworksheetkidscoloringclub.github.io/images/math-word-problem-worksheet-6887.jpg,Kids Math Worksheets,04/24/2026 11:00:00 AM
Printable Free 14 Addition Math Worksheet For Grade 1 - Part 193 | Printable Practice,Fun and engaging Addition worksheet for Grade 1. Perfect printable math practice.,https://mathworksheetkidscoloringclub.github.io/html/printable-free-14-addition-math-worksheet-for-grade-1-part-193-8337.html,https://mathworksheetkidscoloringclub.github.io/images/printable-free-14-addition-math-worksheet-for-grade-1-part-193-8337.jpg,Math Practice Printables,04/24/2026 01:30:00 PM
Grade 1 Count and Color Shapes Worksheet,Help kids master Count and Color with this printable worksheet for Grade 1. Great for daily math practice.,https://mathworksheetkidscoloringclub.github.io/html/grade-1-count-and-color-shapes-worksheet-3273.html,https://mathworksheetkidscoloringclub.github.io/images/grade-1-count-and-color-shapes-worksheet-3273.jpg,Elementary Math Activities,04/24/2026 04:32:00 PM
Learn Counting With Pictures Worksheet (Kindergarten) - Part 195 | Printable Practice,Printable Counting Objects worksheet designed for Kindergarten students. Easy and fun math practice.,https://mathworksheetkidscoloringclub.github.io/html/learn-counting-with-pictures-worksheet-kindergarten-part-195-4324.html,https://mathworksheetkidscoloringclub.github.io/images/learn-counting-with-pictures-worksheet-kindergarten-part-195-4324.jpg,Math Practice Printables,04/24/2026 08:28:00 PM
Grade 2 Division Practice Worksheet (30 Problems) - Part 196 | Printable Practice,Fun and engaging Division worksheet for Grade 2. Perfect printable math practice.,https://mathworksheetkidscoloringclub.github.io/html/grade-2-division-practice-worksheet-30-problems-part-196-2638.html,https://mathworksheetkidscoloringclub.github.io/images/grade-2-division-practice-worksheet-30-problems-part-196-2638.jpg,Homeschool Math,04/25/2026 08:23:00 AM
Daily Mathematics Problem Set Worksheet for Teens,Free printable Math worksheet for Math. Perfect for homeschool practice and classroom activities.,https://mathworksheetkidscoloringclub.github.io/html/daily-mathematics-problem-set-worksheet-for-teens-5461.html,https://mathworksheetkidscoloringclub.github.io/images/daily-mathematics-problem-set-worksheet-for-teens-5461.jpg,Printable Worksheets,04/25/2026 11:04:00 AM
Missing Number Math Worksheet,Fun and engaging Missing Number worksheet for Grade 1. Perfect printable math practice.,https://mathworksheetkidscoloringclub.github.io/html/missing-number-math-worksheet-1098.html,https://mathworksheetkidscoloringclub.github.io/images/missing-number-math-worksheet-1098.jpg,Homeschool Math,04/25/2026 01:37:00 PM
Mixed Operations Math Worksheet,Fun and engaging Mixed Operations worksheet for Grade 3. Perfect printable math practice.,https://mathworksheetkidscoloringclub.github.io/html/mixed-operations-math-worksheet-5935.html,https://mathworksheetkidscoloringclub.github.io/images/mixed-operations-math-worksheet-5935.jpg,Kids Math Worksheets,04/25/2026 04:36:00 PM
Printable Free 10 Multiplication Math Worksheet For Grade 2 - Part 200 | Printable Practice,Free printable Multiplication worksheet for Grade 2. Perfect for homeschool practice and classroom activities.,https://mathworksheetkidscoloringclub.github.io/html/printable-free-10-multiplication-math-worksheet-for-grade-2-part-200-9109.html,https://mathworksheetkidscoloringclub.github.io/images/printable-free-10-multiplication-math-worksheet-for-grade-2-part-200-9109.jpg,Elementary Math Activities,04/25/2026 08:28:00 PM
